{"cameraMode":{"drawMode":0,"name":"Shaded","section":"Shading Mode"},"sceneLighting":false,"audioPlay":false,"sceneViewState":{"showFog":true,"showMaterialUpdate":false,"showSkybox":false,"showFlares":true,"showImageEffects":true,"showParticleSystems":true},"in2DMode":false,"pivot":{"x":-4.685229778289795,"y":3.1893534660339357,"z":-21.663562774658204},"rotation":{"x":-0.03112751990556717,"y":-0.9473874568939209,"z":0.09695067256689072,"w":-0.3036324083805084},"size":6.683374404907227,"orthographic":false}