{"cameraMode":{"drawMode":0,"name":"Shaded","section":"Shading Mode"},"sceneLighting":true,"audioPlay":false,"sceneViewState":{"showFog":true,"showMaterialUpdate":false,"showSkybox":true,"showFlares":true,"showImageEffects":true,"showParticleSystems":true},"in2DMode":false,"pivot":{"x":5.728017330169678,"y":-0.6255282163619995,"z":-27.102346420288087},"rotation":{"x":0.00497496547177434,"y":0.9929673671722412,"z":-0.04471282660961151,"w":0.11061443388462067},"size":9.096014022827149,"orthographic":false}