{"cameraMode":{"drawMode":0,"name":"Shaded","section":"Shading Mode"},"sceneLighting":false,"audioPlay":false,"sceneViewState":{"showFog":true,"showMaterialUpdate":false,"showSkybox":false,"showFlares":true,"showImageEffects":true,"showParticleSystems":true},"in2DMode":false,"pivot":{"x":0.001094270497560501,"y":0.019760966300964357,"z":0.09355470538139343},"rotation":{"x":0.052462972700595859,"y":-0.9474515318870544,"z":0.21686187386512757,"w":0.22945024073123933},"size":0.16459570825099946,"orthographic":false}