{"cameraMode":{"drawMode":0,"name":"Shaded","section":"Shading Mode"},"sceneLighting":false,"audioPlay":false,"sceneViewState":{"showFog":true,"showMaterialUpdate":false,"showSkybox":false,"showFlares":true,"showImageEffects":true,"showParticleSystems":true},"in2DMode":false,"pivot":{"x":2.03250789642334,"y":0.6916204690933228,"z":-4.833215236663818},"rotation":{"x":-0.10215418040752411,"y":0.8291139006614685,"z":-0.1611766815185547,"w":-0.5255091786384583},"size":1.1373823881149293,"orthographic":false}