{"cameraMode":{"drawMode":0,"name":"Shaded","section":"Shading Mode"},"sceneLighting":false,"audioPlay":false,"sceneViewState":{"showFog":true,"showMaterialUpdate":false,"showSkybox":false,"showFlares":true,"showImageEffects":true,"showParticleSystems":true},"in2DMode":false,"pivot":{"x":1.769481897354126,"y":0.7678948640823364,"z":-5.938754558563232},"rotation":{"x":-0.010012542828917504,"y":0.9884793758392334,"z":-0.07576701045036316,"w":-0.13065528869628907},"size":1.1373823881149293,"orthographic":false}