{"cameraMode":{"drawMode":0,"name":"Shaded","section":"Shading Mode"},"sceneLighting":false,"audioPlay":false,"sceneViewState":{"showFog":true,"showMaterialUpdate":false,"showSkybox":false,"showFlares":true,"showImageEffects":true,"showParticleSystems":true},"in2DMode":false,"pivot":{"x":-14.389545440673829,"y":-7.068909645080566,"z":-11.796564102172852},"rotation":{"x":-0.18678905069828034,"y":-0.7482517957687378,"z":0.23636195063591004,"w":-0.5911558270454407},"size":14.045016288757325,"orthographic":false}