{"cameraMode":{"drawMode":0,"name":"Shaded","section":"Shading Mode"},"sceneLighting":false,"audioPlay":false,"sceneViewState":{"showFog":true,"showMaterialUpdate":false,"showSkybox":false,"showFlares":true,"showImageEffects":true,"showParticleSystems":true},"in2DMode":false,"pivot":{"x":-19.914222717285158,"y":3.882206916809082,"z":13.335855484008789},"rotation":{"x":-0.1156577318906784,"y":-0.8706607222557068,"z":0.245164692401886,"w":-0.4105753004550934},"size":26.54227066040039,"orthographic":false}