{"cameraMode":{"drawMode":0,"name":"Shaded","section":"Shading Mode"},"sceneLighting":true,"audioPlay":false,"sceneViewState":{"showFog":true,"showMaterialUpdate":false,"showSkybox":true,"showFlares":true,"showImageEffects":true,"showParticleSystems":true},"in2DMode":false,"pivot":{"x":-2.0543367862701418,"y":0.7527932524681091,"z":-2.4449234008789064},"rotation":{"x":0.012483101338148117,"y":0.9874927997589111,"z":-0.1055629625916481,"w":0.116635262966156},"size":2.5678017139434816,"orthographic":false}