{"cameraMode":{"drawMode":0,"name":"Shaded","section":"Shading Mode"},"sceneLighting":false,"audioPlay":false,"sceneViewState":{"showFog":true,"showMaterialUpdate":false,"showSkybox":false,"showFlares":true,"showImageEffects":true,"showParticleSystems":true},"in2DMode":false,"pivot":{"x":-7.662959098815918,"y":-1.6133159399032593,"z":0.5799554586410523},"rotation":{"x":-0.04596461355686188,"y":-0.903870165348053,"z":0.41343286633491518,"w":-0.10041513293981552},"size":6.802095413208008,"orthographic":false}