{"cameraMode":{"drawMode":0,"name":"Shaded","section":"Shading Mode"},"sceneLighting":false,"audioPlay":false,"sceneViewState":{"showFog":true,"showMaterialUpdate":false,"showSkybox":false,"showFlares":true,"showImageEffects":true,"showParticleSystems":true},"in2DMode":false,"pivot":{"x":-6.8048095703125,"y":-0.039999961853027347,"z":-21.628742218017579},"rotation":{"x":-0.03112751990556717,"y":-0.9473874568939209,"z":0.09695067256689072,"w":-0.3036324083805084},"size":5.954461574554443,"orthographic":false}