{"cameraMode":{"drawMode":0,"name":"Shaded","section":"Shading Mode"},"sceneLighting":false,"audioPlay":false,"sceneViewState":{"showFog":true,"showMaterialUpdate":false,"showSkybox":false,"showFlares":true,"showImageEffects":true,"showParticleSystems":true},"in2DMode":false,"pivot":{"x":0.46253085136413576,"y":0.49205517768859866,"z":3.7575597763061525},"rotation":{"x":0.05313074588775635,"y":-0.9441372156143189,"z":0.264345645904541,"w":0.18975874781608582},"size":4.034206390380859,"orthographic":false}