{"cameraMode":{"drawMode":0,"name":"Shaded","section":"Shading Mode"},"sceneLighting":false,"audioPlay":false,"sceneViewState":{"showFog":true,"showMaterialUpdate":false,"showSkybox":false,"showFlares":true,"showImageEffects":true,"showParticleSystems":true},"in2DMode":false,"pivot":{"x":-6.542175769805908,"y":0.09000003337860108,"z":-16.101581573486329},"rotation":{"x":-0.03112751990556717,"y":-0.9473874568939209,"z":0.09695067256689072,"w":-0.3036324083805084},"size":3.771028757095337,"orthographic":false}