{"cameraMode":{"drawMode":0,"name":"Shaded","section":"Shading Mode"},"sceneLighting":true,"audioPlay":false,"sceneViewState":{"showFog":true,"showMaterialUpdate":false,"showSkybox":true,"showFlares":true,"showImageEffects":true,"showParticleSystems":true},"in2DMode":false,"pivot":{"x":0.47986140847206118,"y":-0.17729997634887696,"z":1.8497693538665772},"rotation":{"x":0.35367101430892947,"y":-0.005880312528461218,"z":0.002226558979600668,"w":0.9353497624397278},"size":3.700774908065796,"orthographic":false}