{"cameraMode":{"drawMode":0,"name":"Shaded","section":"Shading Mode"},"sceneLighting":false,"audioPlay":false,"sceneViewState":{"showFog":true,"showMaterialUpdate":false,"showSkybox":false,"showFlares":true,"showImageEffects":true,"showParticleSystems":true},"in2DMode":false,"pivot":{"x":-2.469235420227051,"y":1.1568419933319092,"z":0.36856791377067568},"rotation":{"x":0.008616131730377674,"y":-0.991267204284668,"z":0.1014595627784729,"w":0.08404769003391266},"size":0.9181312918663025,"orthographic":false}