{"cameraMode":{"drawMode":0,"name":"Shaded","section":"Shading Mode"},"sceneLighting":false,"audioPlay":false,"sceneViewState":{"showFog":true,"showMaterialUpdate":false,"showSkybox":false,"showFlares":true,"showImageEffects":true,"showParticleSystems":true},"in2DMode":false,"pivot":{"x":-0.560542106628418,"y":0.783362865447998,"z":63.03285217285156},"rotation":{"x":-0.1156577318906784,"y":-0.8706607222557068,"z":0.245164692401886,"w":-0.4105753004550934},"size":12.799331665039063,"orthographic":false}