{"cameraMode":{"drawMode":0,"name":"Shaded","section":"Shading Mode"},"sceneLighting":false,"audioPlay":false,"sceneViewState":{"showFog":true,"showMaterialUpdate":false,"showSkybox":false,"showFlares":true,"showImageEffects":true,"showParticleSystems":true},"in2DMode":false,"pivot":{"x":0.4707270860671997,"y":1.383163332939148,"z":-0.6804708242416382},"rotation":{"x":0.07870499789714813,"y":-0.9154127240180969,"z":0.21965757012367249,"w":0.3280359208583832},"size":1.5018374919891358,"orthographic":false}