{"cameraMode":{"drawMode":0,"name":"Shaded","section":"Shading Mode"},"sceneLighting":false,"audioPlay":false,"sceneViewState":{"showFog":true,"showMaterialUpdate":false,"showSkybox":false,"showFlares":true,"showImageEffects":true,"showParticleSystems":true},"in2DMode":false,"pivot":{"x":-0.1389882117509842,"y":0.754159152507782,"z":-1.8538421392440797},"rotation":{"x":-0.0010219353716820479,"y":0.9980790019035339,"z":0.01797461323440075,"w":0.0601935014128685},"size":1.9690831899642945,"orthographic":false}