{"cameraMode":{"drawMode":0,"name":"Shaded","section":"Shading Mode"},"sceneLighting":false,"audioPlay":false,"sceneViewState":{"showFog":true,"showMaterialUpdate":false,"showSkybox":false,"showFlares":true,"showImageEffects":true,"showParticleSystems":true},"in2DMode":false,"pivot":{"x":-2.470162868499756,"y":0.266692578792572,"z":-0.0000362396240234375},"rotation":{"x":-0.09634297341108322,"y":0.8901054859161377,"z":-0.22209247946739198,"w":-0.38633325695991518},"size":1.2046977281570435,"orthographic":false}