{"cameraMode":{"drawMode":0,"name":"Shaded","section":"Shading Mode"},"sceneLighting":true,"audioPlay":false,"sceneViewState":{"showFog":true,"showMaterialUpdate":false,"showSkybox":false,"showFlares":true,"showImageEffects":true,"showParticleSystems":true},"in2DMode":false,"pivot":{"x":-270.7918395996094,"y":76.31419372558594,"z":44.45765686035156},"rotation":{"x":-0.017296772450208665,"y":-0.29957589507102969,"z":0.004997288808226585,"w":-0.9540426731109619},"size":53.622398376464847,"orthographic":false}