{"cameraMode":{"drawMode":0,"name":"Shaded","section":"Shading Mode"},"sceneLighting":true,"audioPlay":false,"sceneViewState":{"showFog":true,"showMaterialUpdate":false,"showSkybox":true,"showFlares":true,"showImageEffects":true,"showParticleSystems":true},"in2DMode":false,"pivot":{"x":0.530205488204956,"y":0.8391662836074829,"z":0.023382248356938363},"rotation":{"x":-0.0395914725959301,"y":-0.9552863836288452,"z":0.2535571753978729,"w":-0.14776352047920228},"size":0.8015609979629517,"orthographic":false}