{"cameraMode":{"drawMode":0,"name":"Shaded","section":"Shading Mode"},"sceneLighting":false,"audioPlay":false,"sceneViewState":{"showFog":true,"showMaterialUpdate":false,"showSkybox":false,"showFlares":true,"showImageEffects":true,"showParticleSystems":true},"in2DMode":false,"pivot":{"x":14.605756759643555,"y":-3.067042112350464,"z":63.407779693603519},"rotation":{"x":-0.10769221931695938,"y":-0.8743740916252136,"z":0.226505309343338,"w":-0.41553792357444765},"size":14.610366821289063,"orthographic":false}