{"cameraMode":{"drawMode":0,"name":"Shaded","section":"Shading Mode"},"sceneLighting":false,"audioPlay":false,"sceneViewState":{"showFog":true,"showMaterialUpdate":false,"showSkybox":false,"showFlares":true,"showImageEffects":true,"showParticleSystems":true},"in2DMode":false,"pivot":{"x":-0.6918476819992065,"y":-6.370120525360107,"z":20.010826110839845},"rotation":{"x":0.09820614755153656,"y":-0.9007881283760071,"z":0.3206862509250641,"w":0.2760496437549591},"size":16.10601234436035,"orthographic":false}