{"cameraMode":{"drawMode":0,"name":"Shaded","section":"Shading Mode"},"sceneLighting":false,"audioPlay":false,"sceneViewState":{"showFog":true,"showMaterialUpdate":false,"showSkybox":false,"showFlares":true,"showImageEffects":true,"showParticleSystems":true},"in2DMode":false,"pivot":{"x":109.41484069824219,"y":-236.90505981445313,"z":-182.18214416503907},"rotation":{"x":-0.12362055480480194,"y":-0.8667017817497253,"z":0.4043123424053192,"w":-0.26491519808769228},"size":182.47694396972657,"orthographic":false}